{
    "mmed": [
        600.0,
        650.0,
        700.0,
        750.0,
        800.0,
        850.0,
        900.0,
        950.0,
        1000.0,
        1050.0,
        1100.0,
        1150.0,
        1200.0,
        1250.0,
        1300.0,
        1350.0,
        1400.0,
        1450.0,
        1500.0,
        1550.0,
        1600.0,
        1650.0,
        1700.0,
        1750.0,
        1800.0
    ],
    "mdm": [
        200.0,
        216.66666666666666,
        233.33333333333334,
        250.0,
        266.6666666666667,
        283.3333333333333,
        300.0,
        316.6666666666667,
        333.3333333333333,
        350.0,
        366.6666666666667,
        383.3333333333333,
        400.0,
        416.6666666666667,
        433.3333333333333,
        450.0,
        466.6666666666667,
        483.3333333333333,
        500.0,
        516.6666666666666,
        533.3333333333334,
        550.0,
        566.6666666666666,
        583.3333333333334,
        600.0
    ],
    "gq_limit": [
        0.13384580383403114,
        0.14223412121324444,
        0.1395290524070289,
        0.11698206665009708,
        0.10965398035404116,
        0.09834718627449862,
        0.10767362494972522,
        0.11847414106458104,
        0.12890548166636262,
        0.1304067401634493,
        0.11262271806114399,
        0.10984335930370383,
        0.1173890383135043,
        0.12269720025241888,
        0.1341869446418263,
        0.1416920441057838,
        0.14799247331489876,
        0.14927792461948217,
        0.15904597697370387,
        0.16500432970340714,
        0.17316489328795936,
        0.16152204866401854,
        0.1586307189377196,
        0.15216976212701255,
        0.14344351016301535
    ]
}