{
    "mmed": [
        600.0,
        650.0,
        700.0,
        750.0,
        800.0,
        850.0,
        900.0,
        950.0,
        1000.0,
        1050.0,
        1100.0,
        1150.0,
        1200.0,
        1250.0,
        1300.0,
        1350.0,
        1400.0,
        1450.0,
        1500.0,
        1550.0,
        1600.0,
        1650.0,
        1700.0,
        1750.0,
        1800.0
    ],
    "mdm": [
        10000.0,
        10000.0,
        10000.0,
        10000.0,
        10000.0,
        10000.0,
        10000.0,
        10000.0,
        10000.0,
        10000.0,
        10000.0,
        10000.0,
        10000.0,
        10000.0,
        10000.0,
        10000.0,
        10000.0,
        10000.0,
        10000.0,
        10000.0,
        10000.0,
        10000.0,
        10000.0,
        10000.0,
        10000.0
    ],
    "gq_limit": [
        0.05194513661750338,
        0.048328175266310086,
        0.05173399048665417,
        0.053010257254661255,
        0.05428965735983407,
        0.05396140076741199,
        0.05365472368258907,
        0.05651310109068837,
        0.06224707296412346,
        0.06368395171098502,
        0.06310581520508395,
        0.06315152745432767,
        0.06286559951687046,
        0.06318345476799676,
        0.06419171532578791,
        0.06664839762000878,
        0.07018188298116222,
        0.0713478830666961,
        0.07032731612282495,
        0.07381161027582685,
        0.07514647003362616,
        0.07593347386665017,
        0.07666507346039829,
        0.0774856467479391,
        0.0783167370408685
    ]
}