{
    "mmed": [
        375.0,
        400.0,
        425.0,
        450.0,
        475.0,
        500.0,
        525.0,
        550.0,
        575.0,
        600.0
    ],
    "gq_limit": [
        0.07024580554254678,
        0.06607765607624498,
        0.067409657733326,
        0.06492323082956948,
        0.06431835813594974,
        0.06614642710652904,
        0.06872004871168112,
        0.07277199183402251,
        0.07384657499829,
        0.07469983851801522
    ]
}