{
    "mmed": [
        375.0,
        400.0,
        425.0,
        450.0,
        475.0,
        500.0,
        525.0,
        550.0,
        575.0,
        600.0
    ],
    "gq_limit": [
        0.04750020563068036,
        0.053604813398885814,
        0.07007054029405126,
        0.07139957755136198,
        0.06946351611901272,
        0.07158404182776333,
        0.07849651425231403,
        0.07638505536387595,
        0.07369773730244782,
        0.07742064508690606
    ]
}