{
    "mmed": [
        600.0,
        650.0,
        700.0,
        750.0,
        800.0,
        850.0,
        900.0,
        950.0,
        1000.0,
        1050.0,
        1100.0,
        1150.0,
        1200.0,
        1250.0,
        1300.0,
        1350.0,
        1400.0,
        1450.0,
        1500.0,
        1550.0,
        1600.0,
        1650.0,
        1700.0,
        1750.0,
        1800.0
    ],
    "mdm": [
        10000.0,
        10000.0,
        10000.0,
        10000.0,
        10000.0,
        10000.0,
        10000.0,
        10000.0,
        10000.0,
        10000.0,
        10000.0,
        10000.0,
        10000.0,
        10000.0,
        10000.0,
        10000.0,
        10000.0,
        10000.0,
        10000.0,
        10000.0,
        10000.0,
        10000.0,
        10000.0,
        10000.0,
        10000.0
    ],
    "gq_limit": [
        0.07066892672324059,
        0.07821652546094666,
        0.07543807988039761,
        0.0552026302675128,
        0.049024104440490573,
        0.04011824237140045,
        0.04725297122103884,
        0.05603332327747682,
        0.06496316566097869,
        0.06621709107268244,
        0.050991147683695254,
        0.048698665580820415,
        0.05483024660255325,
        0.05927424051661492,
        0.06931047737551059,
        0.07609674884062033,
        0.08192207043370624,
        0.08309174343868474,
        0.09239253552886216,
        0.09816951642129014,
        0.10621162515571976,
        0.09469697282362749,
        0.09186792236079615,
        0.08565632776901713,
        0.07746081612995825
    ]
}