{
    "input": "inputs/example_input.json",
    "mmed": [
        600.0,
        650.0,
        700.0,
        750.0,
        800.0,
        850.0,
        900.0,
        950.0,
        1000.0,
        1050.0,
        1100.0,
        1150.0,
        1200.0,
        1250.0,
        1300.0,
        1350.0,
        1400.0,
        1450.0,
        1500.0,
        1550.0,
        1600.0,
        1650.0,
        1700.0,
        1750.0,
        1800.0
    ],
    "epsilon_limit": [
        0.00015108817760602598,
        0.00017240064594307438,
        0.0001672760196349202,
        0.00011836461986763924,
        0.00010456489619072806,
        8.44909327196797e-05,
        0.00010165696397226343,
        0.00012346565399830225,
        0.00014656150251057237,
        0.00015034557037694253,
        0.00011236230575896767,
        0.00010707351389221052,
        0.00012247894537724649,
        0.00013398877340788467,
        0.00016045202676851262,
        0.00017909513347979616,
        0.00019556491970317176,
        0.0001991494372147011,
        0.000226241595657756,
        0.00024368264658132706,
        0.00026855430539241465,
        0.00023379196884419328,
        0.00022561710500193806,
        0.00020771414114356934,
        0.0001846569361320813
    ]
}