{
    "mmed_contours": [
        [
            600.0,
            597.5543821142662,
            595.3292778177506,
            575.0,
            573.506118111123,
            572.4022953509538,
            563.9633256008154,
            553.204696227655,
            550.0,
            546.0633222542455,
            545.2694046924754,
            544.0208774889935,
            539.665767016625,
            536.9060284680219,
            534.1551799156362,
            532.3869790584896,
            528.7370929060502,
            525.0,
            522.3919733468528,
            516.5155079767238,
            513.7998609300723,
            508.2357915128031,
            505.35591439336645,
            503.9303330383786,
            500.0,
            497.0348357132731,
            495.70044907155716,
            491.93406247598114,
            483.78278954461484,
            480.8566907868993,
            475.0,
            463.89170308459086,
            450.0,
            449.2555073440585,
            443.18489027381565,
            440.6519284535315,
            435.4349591629633,
            431.88554025892137,
            430.1852270103102,
            425.0,
            415.56196230084015,
            407.08582755420684,
            400.0,
            398.68035480094693,
            395.28719206755443,
            394.3447251791014,
            392.99368014971606,
            389.9273390661018,
            387.54673074749644,
            385.42755856612166,
            382.0200116709001,
            380.84475282660765,
            380.0317080304985,
            376.178298079629,
            376.0155836461097,
            375.00000000000006
        ]
    ],
    "gq_contours": [
        [
            0.13819996650544603,
            0.13809782471542936,
            0.138,
            0.13713608010716616,
            0.13705975527555508,
            0.137,
            0.13655853302403265,
            0.136,
            0.13583390385371855,
            0.13515746710983018,
            0.135,
            0.13476083509955974,
            0.134,
            0.13347624113872086,
            0.133,
            0.13270452083766043,
            0.132,
            0.13130393055754372,
            0.131,
            0.13033937968093107,
            0.13,
            0.1293294316605121,
            0.129,
            0.12884278667846485,
            0.12836070768897,
            0.12811860657146906,
            0.128,
            0.12767736249903924,
            0.127,
            0.12676573236852404,
            0.1262550221613479,
            0.12655566812338365,
            0.12691405565640218,
            0.127,
            0.12772739561095264,
            0.128,
            0.12858260163348145,
            0.129,
            0.1292074090804124,
            0.12977583073694435,
            0.1293775215079664,
            0.129,
            0.1286957636111678,
            0.129,
            0.12981148768270218,
            0.13,
            0.13028025279401137,
            0.131,
            0.13149813077010014,
            0.132,
            0.132719199533164,
            0.133,
            0.13320126832121992,
            0.134,
            0.1340406233458444,
            0.13425298733307053
        ]
    ],
    "benchmark": "minimal_dark_photon"
}