{
    "input": "outputs/TLADijetRun2_J50_expected_rescaledVector.json",
    "mmed": [
        [
            600.0,
            597.5543821142662,
            595.3292778177506,
            575.0,
            573.506118111123,
            572.4022953509538,
            563.9633256008154,
            553.204696227655,
            550.0,
            546.0633222542455,
            545.2694046924754,
            544.0208774889935,
            539.665767016625,
            536.9060284680219,
            534.1551799156362,
            532.3869790584896,
            528.7370929060502,
            525.0,
            522.3919733468528,
            516.5155079767238,
            513.7998609300723,
            508.2357915128031,
            505.35591439336645,
            503.9303330383786,
            500.0,
            497.0348357132731,
            495.70044907155716,
            491.93406247598114,
            483.78278954461484,
            480.8566907868993,
            475.0,
            463.89170308459086,
            450.0,
            449.2555073440585,
            443.18489027381565,
            440.6519284535315,
            435.4349591629633,
            431.88554025892137,
            430.1852270103102,
            425.0,
            415.56196230084015,
            407.08582755420684,
            400.0,
            398.68035480094693,
            395.28719206755443,
            394.3447251791014,
            392.99368014971606,
            389.9273390661018,
            387.54673074749644,
            385.42755856612166,
            382.0200116709001,
            380.84475282660765,
            380.0317080304985,
            376.178298079629,
            376.0155836461097,
            375.00000000000006
        ]
    ],
    "epsilon_limit": [
        [
            -0.8264837819161475,
            -0.8258802387861275,
            -0.8253019260229115,
            -0.8202000550692243,
            -0.819748601400294,
            -0.8193949556633375,
            -0.8167838664661781,
            -0.8134824236088911,
            -0.812501064620074,
            -0.8084700519139288,
            -0.8075312248897764,
            -0.8061054921450389,
            -0.8015715796511127,
            -0.7984496081914978,
            -0.7956119452150386,
            -0.7938516496083852,
            -0.7896523109181567,
            -0.7855040714420952,
            -0.783697065823137,
            -0.779770735585553,
            -0.7777525508729949,
            -0.7737662279732112,
            -0.771808776751595,
            -0.7708749358070333,
            -0.7680095302457378,
            -0.7665755347743173,
            -0.7658725027688519,
            -0.7639610121003312,
            -0.759950433211532,
            -0.7585643695920448,
            -0.7555406293603171,
            -0.7574048534953648,
            -0.7596386468641536,
            -0.7601580806911648,
            -0.7645540653267552,
            -0.7662040077176182,
            -0.7697301303712061,
            -0.7722560565804828,
            -0.7735110459570805,
            -0.7769558713053364,
            -0.7746516382117083,
            -0.7724683734546599,
            -0.770714993687524,
            -0.7725501719502111,
            -0.7774448202455877,
            -0.7785836905769477,
            -0.7802764596422891,
            -0.7846204292474901,
            -0.7876304722508156,
            -0.790660637449564,
            -0.7950084763968973,
            -0.796704589595382,
            -0.7979200742301097,
            -0.8027525881230585,
            -0.8029980061914416,
            -0.8042831362863727
        ]
    ],
    "y_limit": [
        [
            0.000671079216434828,
            0.0006700994576689036,
            0.000669161327973574,
            0.0006609136253078579,
            0.0006601862667460628,
            0.0006596167709332524,
            0.0006554195909583495,
            0.0006501318831291616,
            0.0006485642329626775,
            0.0006421448311493174,
            0.0006406543297127266,
            0.0006383941185859112,
            0.0006312330626021855,
            0.0006263255685791057,
            0.000621881599604032,
            0.0006191328112166658,
            0.0006125999237937783,
            0.000606180550746953,
            0.0006033947937222675,
            0.0005973639109968953,
            0.0005942757454196027,
            0.0005881995094955079,
            0.0005852272539139273,
            0.0005838119330032029,
            0.0005794798453799527,
            0.0005773179042485952,
            0.0005762594649139537,
            0.0005733865585567106,
            0.0005673821268260273,
            0.0005653143326320854,
            0.0005608164762021266,
            0.0005635874123764628,
            0.0005669166603845415,
            0.0005676922301151819,
            0.0005742771294913879,
            0.0005767584362378219,
            0.0005820792140669277,
            0.0005859057540858885,
            0.0005878116063259583,
            0.0005930588934557415,
            0.0005895464171793251,
            0.0005862279652944073,
            0.000583569698039464,
            0.0005863521259880075,
            0.0005938055684496534,
            0.000595546561135716,
            0.0005981390087307568,
            0.0006048174886130048,
            0.000609466918144343,
            0.0006141654105945545,
            0.0006209385674396971,
            0.0006235908801840906,
            0.0006254950824046016,
            0.0006330945078048437,
            0.0006334816671459719,
            0.0006355109568896228
        ]
    ]
}