{
    "input": "outputs/TLADijetRun2_J50_expected_rescaledVector.json",
    "mmed": [
        [
            600.0,
            597.5543821142662,
            595.3292778177506,
            575.0,
            573.506118111123,
            572.4022953509538,
            563.9633256008154,
            553.204696227655,
            550.0,
            546.0633222542455,
            545.2694046924754,
            544.0208774889935,
            539.665767016625,
            536.9060284680219,
            534.1551799156362,
            532.3869790584896,
            528.7370929060502,
            525.0,
            522.3919733468528,
            516.5155079767238,
            513.7998609300723,
            508.2357915128031,
            505.35591439336645,
            503.9303330383786,
            500.0,
            497.0348357132731,
            495.70044907155716,
            491.93406247598114,
            483.78278954461484,
            480.8566907868993,
            475.0,
            463.89170308459086,
            450.0,
            449.2555073440585,
            443.18489027381565,
            440.6519284535315,
            435.4349591629633,
            431.88554025892137,
            430.1852270103102,
            425.0,
            415.56196230084015,
            407.08582755420684,
            400.0,
            398.68035480094693,
            395.28719206755443,
            394.3447251791014,
            392.99368014971606,
            389.9273390661018,
            387.54673074749644,
            385.42755856612166,
            382.0200116709001,
            380.84475282660765,
            380.0317080304985,
            376.178298079629,
            376.0155836461097,
            375.00000000000006
        ]
    ],
    "epsilon_limit": [
        [
            0.39846586662680356,
            0.398055233440966,
            0.3976664509508532,
            0.3941504121133468,
            0.3938513935392699,
            0.39362046166749165,
            0.3918894586410285,
            0.38966897505505776,
            0.3890024221449535,
            0.38682770442835557,
            0.38632856591322623,
            0.3855676557085144,
            0.3831214282394535,
            0.38145058325531045,
            0.3799147723573361,
            0.3789572242624367,
            0.3767087782756526,
            0.37447634038281286,
            0.3734352221680852,
            0.3711517691151453,
            0.369996328319826,
            0.367693251275531,
            0.3665479463065283,
            0.36599674948758576,
            0.36433583403622083,
            0.363424681024053,
            0.36298625402841417,
            0.36177980306429547,
            0.3592101448556943,
            0.35830662564034615,
            0.3563697890137046,
            0.3562299243231805,
            0.35589716564805496,
            0.3560627911946677,
            0.3574700378030322,
            0.3579611155812864,
            0.3590132821589053,
            0.35977308179682543,
            0.36015345349489886,
            0.3611168076142135,
            0.3588233665291235,
            0.3566466984005405,
            0.3548099045976944,
            0.35545711139780817,
            0.35718891800333447,
            0.3575651371374727,
            0.3581295395683607,
            0.3596292191748938,
            0.36061594544952646,
            0.36164625408625023,
            0.36304557200381976,
            0.3636128612939125,
            0.36402292392014174,
            0.3655253527646501,
            0.36560698249651397,
            0.3660029641263401
        ]
    ],
    "y_limit": [
        [
            0.00015598662684243597,
            0.00015566529301537147,
            0.0001553613634091247,
            0.0001526261984296273,
            0.00015239470935657587,
            0.00015221605071253204,
            0.00015088021017501025,
            0.00014917525039621215,
            0.00014866533988084368,
            0.00014700775930268832,
            0.0001466286246485179,
            0.00014605159591357713,
            0.0001442042310913285,
            0.00014294918500946921,
            0.0001418004073707523,
            0.00014108651253432134,
            0.00013941727761988506,
            0.000137769754649631,
            0.0001370047652642259,
            0.0001353343953906722,
            0.0001344930819787019,
            0.00013282396324165065,
            0.00013199780163089485,
            0.00013160111647649958,
            0.00013040939896959508,
            0.00012975794322001537,
            0.00012944505819505094,
            0.00012858601967625027,
            0.00012676585916355569,
            0.00012612895429804112,
            0.00012476905247382777,
            0.00012467113530470475,
            0.0001244383304616994,
            0.0001245541783201114,
            0.00012554066059699756,
            0.00012588582281172346,
            0.00012662695088986236,
            0.00012716349326680388,
            0.00012743252375126384,
            0.00012811515961622932,
            0.00012649301670085593,
            0.00012496302595831925,
            0.00012367917698849547,
            0.00012413079352501224,
            0.00012534328412028753,
            0.00012560746575589521,
            0.00012600431154797937,
            0.00012706181575477683,
            0.0001277600194793105,
            0.00012849110358750479,
            0.0001294873685915669,
            0.000129892354600434,
            0.00013018549073413787,
            0.00013126233541175167,
            0.00013132096940579965,
            0.00013160558569838915
        ]
    ]
}